Position;Title;Year;Genres
1;The Shawshank Redemption;1994;Drama
2;The Godfather;1972;Crime, Drama
3;The Godfather: Part II;1974;Crime, Drama
4;The Dark Knight;2008;Action, Crime, Drama, Thriller
5;Pulp Fiction;1994;Crime, Drama
6;Il buono, il brutto, il cattivo;1966;Western
7;12 Angry Men;1957;Crime, Drama
8;Schindler's List;1993;Biography, Drama, History
9;The Lord of the Rings: The Return of the King;2003;Action, Adventure, Drama, Fantasy
10;Fight Club;1999;Drama
11;The Lord of the Rings: The Fellowship of the Ring;2001;Action, Adventure, Drama, Fantasy
12;Star Wars: Episode V - The Empire Strikes Back;1980;Action, Adventure, Fantasy, Sci-Fi
13;Inception;2010;Action, Adventure, Sci-Fi, Thriller
14;One Flew Over the Cuckoo's Nest;1975;Drama
15;Shichinin no samurai;1954;Action, Adventure, Drama
16;Goodfellas;1990;Biography, Crime, Drama
17;Star Wars;1977;Action, Adventure, Fantasy, Sci-Fi
18;Forrest Gump;1994;Drama, Romance
19;The Lord of the Rings: The Two Towers;2002;Action, Adventure, Drama, Fantasy
20;The Matrix;1999;Action, Sci-Fi
21;Cidade de Deus;2002;Crime, Drama
22;C'era una volta il West;1968;Western
23;Casablanca;1942;Drama, Romance, War
24;Se7en;1995;Crime, Drama, Mystery, Thriller
25;The Usual Suspects;1995;Crime, Mystery, Thriller
26;The Silence of the Lambs;1991;Crime, Drama, Thriller
27;It's a Wonderful Life;1946;Drama, Family, Fantasy
28;Rear Window;1954;Mystery, Thriller
29;Raiders of the Lost Ark;1981;Action, Adventure
30;LÈon;1994;Action, Crime, Drama, Thriller
31;Psycho;1960;Horror, Mystery, Thriller
32;Sunset Blvd.;1950;Drama, Film-Noir
33;City Lights;1931;Comedy, Drama, Romance
34;The Dark Knight Rises;2012;Action, Adventure
35;American History X;1998;Drama
36;Apocalypse Now;1979;Drama, Mystery, War
37;Memento;2000;Mystery, Thriller
38;Sen to Chihiro no kamikakushi;2001;Animation, Adventure, Family, Fantasy, Mystery
39;Modern Times;1936;Comedy, Drama, Family, Romance
40;Saving Private Ryan;1998;Drama, War
41;Terminator 2: Judgment Day;1991;Action, Sci-Fi
42;Dr. Strangelove or: How I Learned to Stop Worrying and Love the Bomb;1964;Comedy
43;Intouchables;2011;Biography, Comedy, Drama
44;Alien;1979;Horror, Sci-Fi
45;Django Unchained;2012;Drama, Western
46;North by Northwest;1959;Adventure, Mystery, Thriller
47;La vita Ë bella;1997;Comedy, Drama, Romance, War
48;M - Eine Stadt sucht einen Mˆrder;1931;Crime, Mystery, Thriller
49;Paths of Glory;1957;Drama, War
50;Citizen Kane;1941;Drama, Mystery
51;Back to the Future;1985;Adventure, Comedy, Sci-Fi
52;Double Indemnity;1944;Crime, Drama, Film-Noir, Mystery, Thriller
53;The Pianist;2002;Biography, Drama, Music, War
54;The Departed;2006;Crime, Drama, Thriller
55;The Shining;1980;Drama, Horror
56;Vertigo;1958;Mystery, Romance, Thriller
57;The Great Dictator;1940;Comedy, Drama, War
58;Das Leben der Anderen;2006;Drama, Mystery, Thriller
59;Gladiator;2000;Action, Adventure, Drama
60;Aliens;1986;Action, Adventure, Sci-Fi, Thriller
61;American Beauty;1999;Drama
62;The Green Mile;1999;Crime, Drama, Fantasy, Mystery
63;WALL∑E;2008;Animation, Adventure, Family, Romance, Sci-Fi
64;Toy Story 3;2010;Animation, Adventure, Comedy, Family, Fantasy
65;Taxi Driver;1976;Crime, Drama
66;Le fabuleux destin d'AmÈlie Poulain;2001;Comedy, Romance
67;Jodaeiye Nader az Simin;2011;Drama
68;The Prestige;2006;Drama, Mystery, Sci-Fi, Thriller
69;Nuovo Cinema Paradiso;1988;Drama, Romance
70;Lawrence of Arabia;1962;Adventure, Biography, Drama, History, War
71;A Clockwork Orange;1971;Crime, Drama, Sci-Fi
72;To Kill a Mockingbird;1962;Crime, Drama
73;Das Boot;1981;Adventure, Drama, Thriller, War
74;The Treasure of the Sierra Madre;1948;Adventure, Drama, Western
75;The Third Man;1949;Film-Noir, Mystery, Thriller
76;Reservoir Dogs;1992;Crime, Drama, Thriller
77;The Lion King;1994;Animation, Adventure, Drama, Family, Musical
78;Requiem for a Dream;2000;Drama
79;Once Upon a Time in America;1984;Crime, Drama
80;Eternal Sunshine of the Spotless Mind;2004;Drama, Romance, Sci-Fi
81;Ladri di biciclette;1948;Drama
82;Hotaru no haka;1988;Animation, Drama, War
83;Witness for the Prosecution;1957;Crime, Drama, Mystery, Thriller
84;Singin' in the Rain;1952;Comedy, Musical, Romance
85;Mononoke-hime;1997;Animation, Action, Adventure, Fantasy
86;Braveheart;1995;Biography, Drama, History, War
87;Star Wars: Episode VI - Return of the Jedi;1983;Action, Adventure, Fantasy, Sci-Fi
88;All About Eve;1950;Drama
89;Oldeuboi;2003;Action, Drama, Mystery, Thriller
90;Rashomon;1950;Crime, Drama, Mystery
91;Metropolis;1927;Drama, Sci-Fi
92;Full Metal Jacket;1987;Drama, War
93;Monty Python and the Holy Grail;1975;Adventure, Comedy, Fantasy
94;Some Like It Hot;1959;Comedy, Music, Romance
95;Chinatown;1974;Drama, Mystery, Thriller
96;The Apartment;1960;Comedy, Drama, Romance
97;L.A. Confidential;1997;Crime, Drama, Mystery, Thriller
98;Amadeus;1984;Biography, Drama, History, Music
99;The Sting;1973;Comedy, Crime, Drama
100;Yojinbo;1961;Action, Drama, Thriller
101;2001: A Space Odyssey;1968;Adventure, Sci-Fi
102;Taare Zameen Par;2007;Drama, Family
103;Unforgiven;1992;Drama, Western
104;Raging Bull;1980;Biography, Drama, Sport
105;The Bridge on the River Kwai;1957;Adventure, Drama, War
106;Mr. Smith Goes to Washington;1939;Comedy, Drama
107;The General;1926;Action, Adventure, Comedy, Drama, War
108;Indiana Jones and the Last Crusade;1989;Action, Adventure
109;Batman Begins;2005;Action, Adventure
110;Ikiru;1952;Drama
111;Per qualche dollaro in pi˘;1965;Western
112;On the Waterfront;1954;Crime, Drama, Thriller
113;The Kid;1921;Comedy, Drama, Family
114;Die Hard;1988;Action, Thriller
115;The Great Escape;1963;Adventure, Drama, History, Thriller, War
116;Snatch;2000;Comedy, Crime
117;Der Untergang;2004;Biography, Drama, History, War
118;Inglourious Basterds;2009;Adventure, Drama, War
119;Det sjunde inseglet;1957;Drama, Fantasy, History, Thriller
120;El laberinto del fauno;2006;Drama, Fantasy, War
121;Smultronst‰llet;1957;Drama, Romance
122;Up;2009;Animation, Adventure, Comedy, Family
123;Toy Story;1995;Animation, Adventure, Comedy, Family, Fantasy
124;The Maltese Falcon;1941;Crime, Film-Noir, Mystery, Romance
125;The Elephant Man;1980;Biography, Drama
126;Rebecca;1940;Drama, Mystery, Romance, Thriller
127;Heat;1995;Crime, Drama, Thriller
128;3 Idiots;2009;Comedy, Drama
129;Ran;1985;Action, Drama, War
130;Blade Runner;1982;Action, Sci-Fi, Thriller
131;Scarface;1983;Crime, Drama
132;The Avengers;2012;Action, Adventure, Sci-Fi
133;The Gold Rush;1925;Adventure, Comedy, Drama, Western
134;Touch of Evil;1958;Crime, Drama, Film-Noir, Thriller
135;Rang De Basanti;2006;Comedy, Crime, Drama
136;The Big Lebowski;1998;Comedy, Crime, Sport
137;Gran Torino;2008;Drama
138;It Happened One Night;1934;Comedy, Romance
139;Cool Hand Luke;1967;Crime, Drama
140;Fargo;1996;Crime, Drama, Thriller
141;Warrior;2011;Action, Drama, Sport
142;The Deer Hunter;1978;Drama, War
143;El secreto de sus ojos;2009;Drama, Mystery, Romance, Thriller
144;Tonari no Totoro;1988;Animation, Family, Fantasy
145;The Grapes of Wrath;1940;Drama, History
146;Lock, Stock and Two Smoking Barrels;1998;Action, Comedy, Crime
147;Strangers on a Train;1951;Crime, Film-Noir, Thriller
148;The Best Years of Our Lives;1946;Drama, Romance, War
149;High Noon;1952;Drama, Thriller, Western
150;Gone with the Wind;1939;Drama, History, Romance, War
151;Sin City;2005;Crime, Thriller
152;Casino;1995;Crime, Drama
153;V for Vendetta;2005;Action, Drama, Sci-Fi, Thriller
154;Good Will Hunting;1997;Drama, Romance
155;Butch Cassidy and the Sundance Kid;1969;Biography, Crime, Drama, Western
156;The Thing;1982;Horror, Mystery, Sci-Fi
157;No Country for Old Men;2007;Crime, Drama, Thriller
158;Trainspotting;1996;Drama
159;Hotel Rwanda;2004;Biography, Drama, History, War
160;The Wizard of Oz;1939;Adventure, Family, Fantasy, Musical
161;Notorious;1946;Drama, Film-Noir, Romance, Thriller
162;Platoon;1986;Drama, War
163;The Sixth Sense;1999;Drama, Mystery, Thriller
164;Star Trek Into Darkness;2013;Action, Adventure, Sci-Fi
165;Jaws;1975;Adventure, Thriller
166;The Night of the Hunter;1955;Crime, Drama, Film-Noir, Thriller
167;Into the Wild;2007;Adventure, Biography, Drama
168;Annie Hall;1977;Comedy, Romance
169;How to Train Your Dragon;2010;Animation, Action, Adventure, Family, Fantasy
170;Kill Bill: Vol. 1;2003;Action, Crime, Drama, Thriller
171;Dial M for Murder;1954;Crime, Thriller
172;The Big Sleep;1946;Crime, Film-Noir, Mystery, Thriller
173;Mary and Max;2009;Animation, Comedy, Drama, Family
174;Persona;1966;Drama, Thriller
175;Life of Brian;1979;Comedy
176;Network;1976;Drama
177;Les quatre cents coups;1959;Crime, Drama
178;Finding Nemo;2003;Animation, Adventure, Comedy, Family
179;Ben-Hur;1959;Adventure, Drama, History
180;Donnie Darko;2001;Drama, Mystery, Sci-Fi, Thriller
181;Hauru no ugoku shiro;2004;Animation, Adventure, Family, Fantasy
182;The King's Speech;2010;Biography, Drama, History
183;There Will Be Blood;2007;Drama
184;Stand by Me;1986;Adventure, Drama
185;The Killing;1956;Crime, Drama, Film-Noir, Thriller
186;The Princess Bride;1987;Adventure, Family, Fantasy, Romance
187;Million Dollar Baby;2004;Drama, Sport
188;La strada;1954;Drama
189;Who's Afraid of Virginia Woolf?;1966;Drama
190;Amores perros;2000;Drama, Thriller
191;8Ω;1963;Drama
192;The Terminator;1984;Action, Sci-Fi
193;The Hobbit: An Unexpected Journey;2012;Adventure, Fantasy
194;Fanny och Alexander;1982;Drama
195;Stalker;1979;Drama, Sci-Fi
196;Gandhi;1982;Biography, Drama, History
197;Groundhog Day;1993;Comedy, Fantasy, Romance
198;Dog Day Afternoon;1975;Biography, Crime, Drama, Thriller
199;The Bourne Ultimatum;2007;Action, Mystery, Thriller
200;Incendies;2010;Drama, Mystery, War
201;Twelve Monkeys;1995;Mystery, Sci-Fi, Thriller
202;The Hustler;1961;Drama, Sport
203;Anatomy of a Murder;1959;Crime, Drama, Mystery, Thriller
204;Salinui chueok;2003;Crime, Drama, Mystery, Thriller
205;Life of Pi;2012;Adventure, Drama, Fantasy
206;Stalag 17;1953;Comedy, Drama, War
207;A Beautiful Mind;2001;Biography, Drama
208;Hachi: A Dog's Tale;2009;Biography, Drama, Family
209;The Man Who Shot Liberty Valance;1962;Drama, Western
210;Black Swan;2010;Drama, Thriller
211;The Graduate;1967;Comedy, Drama, Romance
212;Sleuth;1972;Mystery, Thriller
213;Harry Potter and the Deathly Hallows: Part 2;2011;Adventure, Drama, Fantasy, Mystery
214;The Manchurian Candidate;1962;Drama, Thriller
215;Barry Lyndon;1975;Adventure, Drama, History, War
216;The Wild Bunch;1969;Action, Adventure, Western
217;Mou gaan dou;2002;Action, Crime, Drama, Mystery, Thriller
218;The Perks of Being a Wallflower;2012;Drama, Romance
219;Yeopgijeogin geunyeo;2001;Comedy, Drama, Romance
220;Roman Holiday;1953;Comedy, Romance
221;Rocky;1976;Drama, Sport
222;Slumdog Millionaire;2008;Drama, Romance
223;Yip Man;2008;Action, Biography, Drama, History
224;In the Name of the Father;1993;Biography, Crime, Drama
225;Rope;1948;Crime, Drama, Mystery, Thriller
226;La haine;1995;Crime, Drama
227;Kaze no tani no Naushika;1984;Animation, Adventure, Fantasy, Sci-Fi
228;Festen;1998;Drama
229;Pirates of the Caribbean: The Curse of the Black Pearl;2003;Action, Adventure, Fantasy
230;All Quiet on the Western Front;1930;Drama, War
231;Underground;1995;Comedy, Drama, Fantasy, War
232;Tropa de Elite 2: O Inimigo Agora È Outro;2010;Action, Crime, Drama, Thriller
233;Harvey;1950;Comedy, Drama, Fantasy
234;Bom yeoreum gaeul gyeoul geurigo bom;2003;Drama, Romance
235;The Exorcist;1973;Horror
236;La dolce vita;1960;Comedy, Drama
237;Fa yeung nin wah;2000;Drama, Romance
238;The Artist;2011;Comedy, Drama, Romance
239;Trois couleurs: Rouge;1994;Drama, Mystery, Romance
240;A Streetcar Named Desire;1951;Drama
241;Star Trek;2009;Action, Adventure, Sci-Fi
242;Bronenosets Potemkin;1925;Drama, History, Thriller, War
243;Bringing Up Baby;1938;Comedy, Family, Romance
244;Le scaphandre et le papillon;2007;Biography, Drama
245;Monsters, Inc.;2001;Animation, Adventure, Comedy, Family, Fantasy
246;Rio Bravo;1959;Action, Drama, Western
247;Tenk˚ no shiro Rapyuta;1986;Animation, Adventure, Drama, Family, Fantasy, Sci-Fi
248;His Girl Friday;1940;Comedy, Drama, Romance
249;Per un pugno di dollari;1964;Action, Drama, Western
250;The Help;2011;Drama
251;Das Cabinet des Dr. Caligari;1920;Fantasy, Horror, Mystery, Thriller
252;The Philadelphia Story;1940;Comedy, Romance
253;Arsenic and Old Lace;1943;Comedy, Crime, Thriller
254;The Truman Show;1998;Comedy, Drama
255;Shutter Island;2010;Mystery, Thriller
256;Papillon;1973;Biography, Crime, Drama
257;A Christmas Story;1983;Comedy, Family
258;Beauty and the Beast;1991;Animation, Family, Fantasy, Musical, Romance
259;Ratatouille;2007;Animation, Adventure, Comedy, Family, Fantasy
260;District 9;2009;Action, Sci-Fi, Thriller
261;Shadow of a Doubt;1943;Film-Noir, Thriller
262;Before Sunrise;1995;Drama, Romance
263;The Searchers;1956;Adventure, Drama, Western
264;Jurassic Park;1993;Action, Adventure, Sci-Fi, Thriller
265;Duck Soup;1933;Comedy, Musical, War
266;In the Heat of the Night;1967;Crime, Drama, Mystery, Thriller
267;Solyaris;1972;Drama, Mystery, Sci-Fi
268;Charade;1963;Comedy, Mystery, Romance, Thriller
269;Nosferatu, eine Symphonie des Grauens;1922;Fantasy, Horror
270;Chung Hing sam lam;1994;Comedy, Crime, Drama, Mystery, Romance
271;The Lady Vanishes;1938;Mystery, Thriller
272;Aguirre, der Zorn Gottes;1972;Action, Adventure, Biography, Drama, History
273;Patton;1970;Biography, Drama, War
274;Paris, Texas;1984;Drama
275;The Adventures of Robin Hood;1938;Action, Adventure, Romance
276;Rosemary's Baby;1968;Drama, Horror
277;Manhattan;1979;Comedy, Drama, Romance
278;The Nightmare Before Christmas;1993;Animation, Family, Fantasy, Musical
279;Frankenstein;1931;Drama, Horror, Sci-Fi, Thriller
280;Harold and Maude;1971;Comedy, Drama, Romance
281;King Kong;1933;Adventure, Horror, Sci-Fi
282;Rain Man;1988;Drama
283;Mar adentro;2004;Biography, Drama
284;All the President's Men;1976;Biography, Drama, History, Thriller
285;Crna macka, beli macor;1998;Comedy, Crime, Romance
286;Big Fish;2003;Adventure, Drama, Fantasy, Romance
287;Bin-jip;2004;Crime, Drama, Romance
288;Magnolia;1999;Drama
289;Dawn of the Dead;1978;Horror, Thriller
290;LÂt den r‰tte komma in;2008;Crime, Drama, Fantasy, Horror, Romance
291;JFK;1991;Drama, History, Thriller
292;Night of the Living Dead;1968;Horror, Thriller
293;Shaun of the Dead;2004;Comedy, Horror
294;Young Frankenstein;1974;Comedy
295;Mystic River;2003;Crime, Drama, Mystery, Thriller
296;The Straight Story;1999;Biography, Drama
297;Spartacus;1960;Adventure, Biography, Drama, History, War
298;The Untouchables;1987;Crime, Drama, Thriller
299;The Conversation;1974;Drama, Mystery, Thriller
300;Planet of the Apes;1968;Adventure, Sci-Fi
301;Edward Scissorhands;1990;Drama, Fantasy, Romance
302;Der Himmel ¸ber Berlin;1987;Drama, Fantasy, Romance
303;Blood Diamond;2006;Adventure, Drama, Thriller
304;The Wrestler;2008;Drama, Sport
305;The African Queen;1951;Adventure, Drama, Romance, War
306;Before Sunset;2004;Drama, Romance
307;Being There;1979;Comedy, Drama
308;Doctor Zhivago;1965;Drama, Romance, War
309;Bonnie and Clyde;1967;Action, Biography, Crime, Drama
310;Dances with Wolves;1990;Adventure, Drama, Western
311;Kill Bill: Vol. 2;2004;Action, Crime, Thriller
312;Sling Blade;1996;Drama
313;The Incredibles;2004;Animation, Action, Adventure, Family
314;Crimes and Misdemeanors;1989;Comedy, Drama
315;Ed Wood;1994;Biography, Comedy, Drama
316;Brazil;1985;Drama, Sci-Fi
317;This Is the End;2013;Comedy
318;Tropa de Elite;2007;Action, Crime, Drama, Thriller
319;Hable con ella;2002;Drama, Mystery, Romance
320;Moon;2009;Drama, Mystery, Sci-Fi
321;In Bruges;2008;Comedy, Crime, Drama, Thriller
322;This Is Spinal Tap;1984;Comedy, Music
323;Avatar;2009;Action, Adventure, Fantasy, Sci-Fi
324;Akira;1988;Animation, Action, Sci-Fi, Thriller
325;Midnight Cowboy;1969;Drama
326;Letters from Iwo Jima;2006;Action, Adventure, Drama, History, War
327;Toy Story 2;1999;Animation, Adventure, Comedy, Family, Fantasy
328;Persepolis;2007;Animation, Biography, Drama, History, War
329;Mulholland Dr.;2001;Drama, Mystery, Thriller
330;Casino Royale;2006;Action, Adventure, Thriller
331;Children of Men;2006;Adventure, Drama, Sci-Fi, Thriller
332;True Romance;1993;Crime, Drama, Romance, Thriller
333;Un prophËte;2009;Crime, Drama
334;No Man's Land;2001;Comedy, Drama, War
335;Cinderella Man;2005;Biography, Drama, History, Romance, Sport
336;The Man Who Would Be King;1975;Adventure, History, War
337;The Insider;1999;Biography, Drama, Thriller
338;Gegen die Wand;2004;Drama, Romance
339;Miller's Crossing;1990;Crime, Drama, Thriller
340;Aladdin;1992;Animation, Adventure, Comedy, Family, Fantasy, Musical, Romance
341;Dogville;2003;Crime, Drama
342;Ying xiong;2002;Action, Adventure, History
343;Catch Me If You Can;2002;Biography, Crime, Drama
344;¿ bout de souffle;1960;Crime, Drama
345;Silver Linings Playbook;2012;Comedy, Drama, Romance
346;Almost Famous;2000;Adventure, Comedy, Drama, Music
347;The Man from Earth;2007;Drama, Fantasy, Mystery, Sci-Fi
348;Crash;2004;Crime, Drama, Thriller
349;Glory;1989;Biography, Drama, History, War
350;Shrek;2001;Animation, Adventure, Comedy, Family, Fantasy
351;The Killing Fields;1984;Biography, Drama, History, War
352;Serenity;2005;Action, Adventure, Sci-Fi, Thriller
353;The Blues Brothers;1980;Action, Adventure, Comedy, Crime, Music, Musical
354;La leggenda del pianista sull'oceano;1998;Drama, Music, Romance
355;The Notebook;2004;Drama, Romance
356;The Fighter;2010;Biography, Drama, Sport
357;Hannah and Her Sisters;1986;Comedy, Drama
358;Iron Man;2008;Action, Adventure, Sci-Fi
359;Badlands;1973;Action, Crime, Drama
360;The Breakfast Club;1985;Comedy, Drama
361;Once;2007;Drama, Music, Romance
362;The Remains of the Day;1993;Drama, Romance
363;Argo;2012;Biography, Drama, Thriller
364;The 39 Steps;1935;Crime, Mystery, Thriller
365;Trois couleurs: Bleu;1993;Drama, Music, Mystery, Romance
366;Halloween;1978;Horror, Thriller
367;Drive;2011;Crime, Drama
368;Little Miss Sunshine;2006;Comedy, Drama
369;The Girl with the Dragon Tattoo;2011;Crime, Drama, Mystery, Thriller
370;The Bourne Identity;2002;Action, Mystery, Thriller
371;The Sound of Music;1965;Biography, Drama, Family, Musical, Romance
372;Dip huet seung hung;1989;Action, Crime, Drama, Thriller
373;E.T. the Extra-Terrestrial;1982;Family, Sci-Fi
374;Wo hu cang long;2000;Action, Adventure, Fantasy, Romance
375;Taken;2008;Action, Crime, Thriller
376;Dead Poets Society;1989;Comedy, Drama
377;The Day the Earth Stood Still;1951;Drama, Sci-Fi
378;The French Connection;1971;Action, Crime, Drama, Thriller
379;Carlito's Way;1993;Crime, Drama, Thriller
380;The Social Network;2010;Biography, Drama
381;4 luni, 3 saptam‚ni si 2 zile;2007;Drama
382;The Right Stuff;1983;Adventure, Biography, Drama, History
383;Glengarry Glen Ross;1992;Crime, Drama, Mystery
384;Lat sau san taam;1992;Action, Crime, Thriller
385;The Iron Giant;1999;Animation, Action, Adventure, Comedy, Drama, Family, Sci-Fi
386;Boogie Nights;1997;Drama
387;Hot Fuzz;2007;Action, Comedy, Mystery, Thriller
388;Amour;2012;Drama
389;The Outlaw Josey Wales;1976;Western
390;Ferris Bueller's Day Off;1986;Comedy
391;Walk the Line;2005;Biography, Drama, Music, Romance
392;KÙkaku KidÙtai;1995;Animation, Action, Crime, Drama, Mystery, Sci-Fi, Thriller
393;Rebel Without a Cause;1955;Drama
394;Predator;1987;Action, Adventure, Sci-Fi, Thriller
395;Dancer in the Dark;2000;Crime, Drama, Musical
396;My Fair Lady;1964;Drama, Family, Musical, Romance
397;Todo sobre mi madre;1999;Drama
398;The Birds;1963;Drama, Horror, Mystery, Romance
399;Zwartboek;2006;Drama, Thriller, War
400;Wreck-It Ralph;2012;Animation, Adventure, Comedy, Family, Fantasy
401;Clerks;1994;Comedy
402;Dirty Harry;1971;Action, Crime, Thriller
403;Scent of a Woman;1992;Drama
404;The Pursuit of Happyness;2006;Biography, Drama
405;The Ten Commandments;1956;Adventure, Drama
406;Office Space;1999;Comedy
407;Moonrise Kingdom;2012;Comedy, Drama, Romance
408;Do the Right Thing;1989;Comedy, Drama
409;The Fall;2006;Adventure, Drama, Fantasy
410;The Magnificent Seven;1960;Action, Adventure, Western
411;Man of Steel;2013;Action, Adventure, Sci-Fi
412;Deliverance;1972;Adventure, Drama, Thriller
413;Pink Floyd: The Wall;1982;Drama, Fantasy, Music
414;(500) Days of Summer;2009;Comedy, Drama, Romance
415;The Hangover;2009;Comedy
416;Misery;1990;Drama, Thriller
417;Evil Dead II;1987;Comedy, Horror
418;Lola rennt;1998;Crime, Drama, Thriller
419;The Curious Case of Benjamin Button;2008;Drama, Fantasy, Romance
420;The Dirty Dozen;1967;Action, Adventure, War
421;M‰n som hatar kvinnor;2009;Crime, Drama, Mystery, Thriller
422;Goldfinger;1964;Action, Adventure, Thriller
423;Kick-Ass;2010;Action, Comedy, Crime
424;The Boondock Saints;1999;Action, Crime, Thriller
425;Fantasia;1940;Animation, Family, Fantasy, Music, Musical
426;The World's Fastest Indian;2005;Biography, Drama, Sport
427;My Left Foot: The Story of Christy Brown;1989;Biography, Drama
428;X: First Class;2011;Action, Adventure, Sci-Fi
429;American Gangster;2007;Biography, Crime, Drama
430;Majo no takky˚bin;1989;Animation, Adventure, Drama, Family, Fantasy
431;Blue Velvet;1986;Drama, Mystery, Thriller
432;Ghost Busters;1984;Action, Comedy, Fantasy, Sci-Fi
433;Willy Wonka & the Chocolate Factory;1971;Family, Fantasy, Musical
434;Lilja 4-ever;2002;Crime, Drama
435;Airplane!;1980;Comedy
436;Tangled;2010;Animation, Adventure, Comedy, Family, Fantasy, Musical, Romance
437;Skyfall;2012;Action, Adventure, Thriller
438;Being John Malkovich;1999;Comedy, Drama, Fantasy
439;The Fugitive;1993;Action, Crime, Drama, Mystery, Thriller
440;Batoru rowaiaru;2000;Action, Adventure, Drama, Sci-Fi, Thriller
441;Breaking the Waves;1996;Drama
442;Gattaca;1997;Drama, Sci-Fi, Thriller
443;Mr. Nobody;2009;Drama, Fantasy, Romance, Sci-Fi
444;50/50;2011;Comedy, Drama, Romance
445;Lost in Translation;2003;Comedy, Drama
446;Changeling;2008;Biography, Crime, Drama, History, Mystery, Thriller
447;Mississippi Burning;1988;Crime, Drama, History, Mystery, Thriller
448;O Brother, Where Art Thou?;2000;Adventure, Comedy, Crime, Music
449;3:10 to Yuma;2007;Action, Crime, Drama, Western
450;The Last Emperor;1987;Biography, Drama, History
451;Apocalypto;2006;Action, Adventure, Drama, Thriller
452;Snow White and the Seven Dwarfs;1937;Animation, Family, Fantasy, Musical, Romance
453;Diarios de motocicleta;2004;Adventure, Biography, Drama
454;Ang-ma-reul bo-at-da;2010;Action, Crime, Drama, Horror, Thriller
455;Abre los ojos;1997;Drama, Mystery, Sci-Fi, Thriller
456;Das Experiment;2001;Drama, Thriller
457;Fantastic Mr. Fox;2009;Animation, Adventure, Comedy, Crime, Drama, Family
458;Serpico;1973;Biography, Crime, Drama, Thriller
459;Breakfast at Tiffany's;1961;Comedy, Drama, Romance
460;Donnie Brasco;1997;Biography, Crime, Drama
461;Atonement;2007;Drama, Mystery, Romance, War
462;The Longest Day;1962;Action, Drama, History, War
463;Das weiﬂe Band - Eine deutsche Kindergeschichte;2009;Drama, History, Mystery, Thriller
464;Finding Neverland;2004;Biography, Drama, Family
465;Dark City;1998;Fantasy, Mystery, Sci-Fi, Thriller
466;True Grit;2010;Drama, Western
467;The Boy in the Striped Pyjamas;2008;Drama, History, War
468;As Good as It Gets;1997;Comedy, Drama, Romance
469;The Last of the Mohicans;1992;Action, Adventure, Drama, Romance, War
470;Close Encounters of the Third Kind;1977;Drama, Sci-Fi
471;Les choristes;2004;Comedy, Drama, Music
472;Kurenai no buta;1992;Animation, Adventure, Comedy, Fantasy, Romance
473;The Machinist;2004;Drama, Thriller
474;Gone Baby Gone;2007;Crime, Drama, Mystery, Thriller
475;Cabaret;1972;Drama, Music, Musical
476;300;2006;Action, Drama
477;25th Hour;2002;Drama
478;South Park: Bigger, Longer & Uncut;1999;Animation, Comedy, Fantasy, Musical
479;Zombieland;2009;Adventure, Comedy, Fantasy, Horror, Sci-Fi
480;Les triplettes de Belleville;2003;Animation, Comedy, Drama
481;The Game;1997;Drama, Mystery, Thriller
482;In America;2002;Drama
483;Frost/Nixon;2008;Biography, Drama, History
484;Der Name der Rose;1986;Crime, Drama, Mystery, Thriller
485;Road to Perdition;2002;Crime, Drama, Thriller
486;Happiness;1998;Comedy, Drama
487;Tombstone;1993;Action, Biography, Drama, History, Western
488;The Station Agent;2003;Comedy, Drama
489;Lucky Number Slevin;2006;Crime, Drama, Thriller
490;Delicatessen;1991;Comedy, Crime
491;21 Grams;2003;Crime, Drama, Thriller
492;Adaptation.;2002;Comedy, Drama
493;Good Bye Lenin!;2003;Comedy, Drama, Romance
494;Sabrina;1954;Comedy, Drama, Romance
495;Empire of the Sun;1987;Action, Drama, History, War
496;The Last King of Scotland;2006;Biography, Drama, History, Thriller
497;Boksuneun naui geot;2002;Crime, Drama, Thriller
498;Kramer vs. Kramer;1979;Drama
499;What's Eating Gilbert Grape;1993;Drama
500;Blazing Saddles;1974;Comedy, Western
501;Pride & Prejudice;2005;Drama, Romance
502;Barton Fink;1991;Comedy, Drama, Thriller
503;The Bourne Supremacy;2004;Action, Mystery, Thriller
504;Ocean's Eleven;2001;Crime, Thriller
505;Match Point;2005;Drama, Romance, Thriller
506;Back to the Future Part II;1989;Adventure, Comedy, Sci-Fi
507;Love Actually;2003;Comedy, Drama, Romance
508;Stardust;2007;Adventure, Family, Fantasy, Romance
509;Blood Simple;1984;Crime, Drama, Thriller
510;Eastern Promises;2007;Action, Crime, Drama, Thriller
511;Un long dimanche de fianÁailles;2004;Drama, Mystery, Romance, War
512;Mysterious Skin;2004;Drama
513;Les MisÈrables;2012;Drama, History, Musical, Romance, War
514;Kung fu;2004;Action, Comedy, Fantasy
515;Harry Potter and the Prisoner of Azkaban;2004;Adventure, Family, Fantasy, Mystery
516;Midnight in Paris;2011;Comedy, Fantasy, Romance
517;Boyz n the Hood;1991;Crime, Drama
518;127 Hours;2010;Biography, Drama
519;Black Hawk Down;2001;Drama, History, War
520;The Visitor;2007;Drama
521;Grindhouse;2007;Action, Horror, Thriller
522;Star Wars: Episode III - Revenge of the Sith;2005;Action, Adventure, Fantasy, Sci-Fi
523;Lolita;1962;Crime, Drama, Romance
524;Zodiac;2007;Crime, Drama, Mystery, Thriller
525;Dead Man's Shoes;2004;Crime, Drama, Thriller
526;Short Cuts;1993;Comedy, Drama
527;Star Trek II: The Wrath of Khan;1982;Action, Adventure, Sci-Fi
528;Ray;2004;Biography, Drama, Music
529;Man on Fire;2004;Action, Crime, Drama, Thriller
530;Kiss Kiss Bang Bang;2005;Comedy, Crime, Mystery, Thriller
531;This Is England;2006;Crime, Drama
532;The Last Samurai;2003;Action, Drama
533;Boy A;2007;Drama
534;Rushmore;1998;Comedy, Drama, Romance
535;Gake no ue no Ponyo;2008;Animation, Adventure, Comedy, Family, Fantasy
536;Control;2007;Biography, Drama, Music
537;The King of Comedy;1982;Comedy, Crime, Drama, Thriller
538;Mary Poppins;1964;Comedy, Family, Fantasy, Musical
539;A Bronx Tale;1993;Crime, Drama, Romance
540;The Hurt Locker;2008;Drama, Thriller, War
541;October Sky;1999;Biography, Drama, Family
542;The Butterfly Effect;2004;Drama, Sci-Fi, Thriller
543;The Goonies;1985;Adventure, Comedy, Family
544;Minority Report;2002;Action, Crime, Mystery, Sci-Fi, Thriller
545;Thank You for Smoking;2005;Comedy, Drama
546;The Player;1992;Comedy, Crime, Drama, Thriller
547;Traffic;2000;Crime, Drama, Thriller
548;Coraline;2009;Animation, Drama, Family, Fantasy, Thriller
549;Who Framed Roger Rabbit;1988;Animation, Adventure, Comedy, Crime, Family, Fantasy, Mystery
550;Cloud Atlas;2012;Action, Drama, Mystery, Sci-Fi
551;M*A*S*H;1970;Comedy, Drama, War
552;Fear and Loathing in Las Vegas;1998;Adventure, Comedy, Drama
553;Stranger Than Fiction;2006;Comedy, Drama, Fantasy, Romance
554;Inside Man;2006;Crime, Drama, Mystery, Thriller
555;Saw;2004;Horror, Mystery, Thriller
556;Dead Man;1995;Adventure, Drama, Fantasy, Western
557;The Wicker Man;1973;Horror, Mystery, Thriller
558;Little Children;2006;Drama, Romance
559;United 93;2006;Action, Drama, History, Thriller
560;Brokeback Mountain;2005;Drama, Romance
561;Training Day;2001;Crime, Drama, Thriller
562;Milk;2008;Biography, Drama
563;Night on Earth;1991;Comedy, Drama
564;Fucking ≈mÂl;1998;Comedy, Drama, Romance
565;Munich;2005;Action, Drama, History, Thriller
566;A Fish Called Wanda;1988;Comedy, Crime
567;The Producers;1967;Comedy, Music
568;The Color Purple;1985;Drama
569;Philadelphia;1993;Drama
570;Malcolm X;1992;Biography, Drama, History
571;Hugo;2011;Drama, Family, Fantasy, Mystery
572;Juno;2007;Comedy, Drama
573;Papurika;2006;Animation, Drama, Fantasy, Mystery, Sci-Fi, Thriller
574;28 Days Later...;2002;Drama, Horror, Sci-Fi, Thriller
575;The Blind Side;2009;Biography, Drama, Sport
576;Watchmen;2009;Action, Drama, Mystery, Sci-Fi
577;Celda 211;2009;Action, Adventure, Crime, Drama, Thriller
578;Midnight Express;1978;Biography, Crime, Drama, Thriller
579;Trois couleurs: Blanc;1994;Comedy, Drama, Romance
580;La citÈ des enfants perdus;1995;Fantasy, Sci-Fi
581;Lethal Weapon;1987;Action, Crime, Thriller
582;Chinjeolhan geumjassi;2005;Crime, Drama, Thriller
583;Sense and Sensibility;1995;Drama, Romance
584;Where Eagles Dare;1968;Action, Adventure, War
585;Awakenings;1990;Biography, Drama
586;Superbad;2007;Comedy
587;End of Watch;2012;Action, Crime, Drama, Thriller
588;Primal Fear;1996;Crime, Drama, Mystery, Thriller
589;Enter the Dragon;1973;Action, Crime, Drama, Thriller
590;Titanic;1997;Drama, Romance
591;Detachment;2011;Drama
592;The Warriors;1979;Action, Crime, Thriller
593;The Jungle Book;1967;Animation, Adventure, Family, Musical
594;The Others;2001;Horror, Mystery, Thriller
595;Harry Potter and the Deathly Hallows: Part 1;2010;Adventure, Family, Fantasy, Mystery
596;Dangerous Liaisons;1988;Drama, Romance
597;Sideways;2004;Comedy, Drama, Romance
598;Pinocchio;1940;Animation, Comedy, Family, Fantasy, Musical
599;Cast Away;2000;Adventure, Drama, Romance
600;Collateral;2004;Crime, Drama, Thriller
601;J˚san-nin no shikaku;2010;Action, Adventure, Drama
602;Lord of War;2005;Action, Crime, Drama
603;The Illusionist;2006;Drama, Fantasy, Mystery, Romance, Thriller
604;Y tu mam· tambiÈn;2001;Drama
605;Blowup;1966;Drama, Mystery, Thriller
606;Kari-gurashi no Arietti;2010;Animation, Adventure, Family, Fantasy
607;Remember the Titans;2000;Biography, Drama, Sport
608;Moneyball;2011;Biography, Drama, Sport
609;Kung Fu Panda;2008;Animation, Action, Adventure, Comedy, Family
610;Huo Yuan Jia;2006;Action, Biography, Drama, Sport
611;Dazed and Confused;1993;Comedy
612;Billy Elliot;2000;Drama, Music
613;Jeux d'enfants;2003;Comedy, Drama, Romance
614;House of Sand and Fog;2003;Crime, Drama
615;The Count of Monte Cristo;2002;Action, Adventure, Drama, Thriller
616;The Curse of the Were-Rabbit;2005;Animation, Adventure, Comedy, Family, Fantasy, Horror, Mystery, Sci-Fi
617;Shine;1996;Biography, Drama, Music, Romance
618;Mad Max 2;1981;Action, Adventure, Sci-Fi, Thriller
619;West Side Story;1961;Crime, Drama, Musical, Romance
620;When Harry Met Sally...;1989;Comedy, Drama, Romance
621;La piel que habito;2011;Drama, Horror, Thriller
622;Iron Man Three;2013;Action, Adventure, Sci-Fi
623;The Thin Red Line;1998;Drama, War
624;Despicable Me;2010;Animation, Comedy, Crime, Family, Fantasy
625;First Blood;1982;Action, Adventure
626;Escape from Alcatraz;1979;Action, Biography, Crime, Drama, Thriller
627;The Town;2010;Crime, Drama, Thriller
628;Funny Games;1997;Crime, Drama, Thriller
629;The Fifth Element;1997;Action, Adventure, Sci-Fi
630;Garden State;2004;Comedy, Drama, Romance
631;The Kite Runner;2007;Drama
632;Indiana Jones and the Temple of Doom;1984;Action, Adventure
633;The Man Who Wasn't There;2001;Crime, Drama
634;Die F‰lscher;2007;Crime, Drama, History, War
635;The Godfather: Part III;1990;Crime, Drama
636;Rise of the Planet of the Apes;2011;Action, Drama, Sci-Fi, Thriller
637;Straw Dogs;1971;Crime, Drama, Thriller
638;The Naked Gun: From the Files of Police Squad!;1988;Comedy, Crime
639;Flipped;2010;Comedy, Drama, Romance
640;Batman;1989;Action, Adventure
641;ZatÙichi;2003;Action, Comedy, Crime, Drama, Thriller
642;La MÙme;2007;Biography, Drama, Music, Romance
643;Volver;2006;Comedy, Drama
644;Equilibrium;2002;Action, Drama, Sci-Fi, Thriller
645;Moulin Rouge!;2001;Drama, Musical, Romance
646;The Omen;1976;Horror
647;Looper;2012;Action, Drama, Sci-Fi, Thriller
648;Sherlock Holmes;2009;Action, Adventure, Mystery
649;After Hours;1985;Comedy, Crime, Drama, Thriller
650;A Few Good Men;1992;Drama, Thriller
651;The Hunt for Red October;1990;Action, Adventure, Thriller
652;Falling Down;1993;Action, Crime, Drama, Thriller
653;Lost Highway;1997;Mystery, Thriller
654;Army of Darkness;1992;Comedy, Horror
655;The Reader;2008;Drama, Romance
656;The Abyss;1989;Adventure, Drama, Mystery, Sci-Fi, Thriller
657;The Assassination of Jesse James by the Coward Robert Ford;2007;Biography, Crime, Drama, History, Western
658;The Guns of Navarone;1961;Action, Adventure, Drama, War
659;Leaving Las Vegas;1995;Drama, Romance
660;Marathon Man;1976;Crime, Thriller
661;The Sandlot;1993;Comedy, Drama, Family, Sport
662;The Evil Dead;1981;Horror
663;Furious 6;2013;Action, Adventure, Thriller
664;Following;1998;Crime, Mystery, Thriller
665;Lo imposible;2012;Drama, History, Thriller
666;American Psycho;2000;Comedy, Crime, Drama
667;Tucker and Dale vs Evil;2010;Comedy, Horror
668;Whale Rider;2002;Drama, Family
669;Serbuan maut;2011;Action, Thriller
670;Hunger;2008;Biography, Drama
671;The Crow;1994;Action, Drama, Fantasy
672;Good Night, and Good Luck.;2005;Biography, Drama, History
673;Harry Potter and the Goblet of Fire;2005;Adventure, Family, Fantasy, Mystery
674;Die Hard: With a Vengeance;1995;Action, Adventure, Thriller
675;A History of Violence;2005;Drama, Thriller
676;X2;2003;Action, Sci-Fi, Thriller
677;High Fidelity;2000;Comedy, Drama, Music, Romance
678;An American Werewolf in London;1981;Comedy, Horror
679;Jackie Brown;1997;Crime, Drama, Thriller
680;The Royal Tenenbaums;2001;Comedy, Drama
681;Dead Man Walking;1995;Crime, Drama
682;Shi mian mai fu;2004;Action, Adventure, Drama, Romance
683;National Lampoon's Animal House;1978;Comedy
684;Braindead;1992;Comedy, Fantasy, Horror, Thriller
685;Seven Pounds;2008;Drama
686;Apollo 13;1995;Adventure, Drama, History
687;Doubt;2008;Drama, Mystery
688;The Last Temptation of Christ;1988;Drama
689;Lincoln;2012;Biography, Drama, History, War
690;[Rec];2007;Horror, Mystery, Thriller
691;Interview with the Vampire: The Vampire Chronicles;1994;Drama, Horror
692;Up in the Air;2009;Comedy, Drama, Romance
693;The Man Who Knew Too Much;1956;Drama, Thriller
694;Field of Dreams;1989;Drama, Family, Fantasy, Sport
695;Ice Age;2002;Animation, Adventure, Comedy, Family, Fantasy
696;My Name Is Khan;2010;Drama
697;RoboCop;1987;Action, Crime, Sci-Fi, Thriller
698;The Fly;1986;Drama, Horror, Sci-Fi
699;Robin Hood;1973;Animation, Adventure, Comedy, Family, Musical, Romance
700;The Little Mermaid;1989;Animation, Family, Fantasy, Musical, Romance
701;A Simple Plan;1998;Crime, Drama, Thriller
702;Scott Pilgrim vs. the World;2010;Action, Comedy, Fantasy, Romance
703;Blow;2001;Biography, Crime, Drama
704;The Place Beyond the Pines;2012;Crime, Drama, Thriller
705;Planes, Trains & Automobiles;1987;Comedy, Drama
706;American Splendor;2003;Biography, Comedy, Drama
707;The Piano;1993;Drama, Music, Romance
708;El orfanato;2007;Drama, Horror, Mystery, Thriller
709;The Meaning of Life;1983;Comedy, Musical
710;A Single Man;2009;Drama, Romance
711;Ghost Dog: The Way of the Samurai;1999;Action, Crime, Drama, Thriller
712;Die Welle;2008;Drama, Thriller
713;Yip Man 2;2010;Action, Biography, Drama, History
714;Quiz Show;1994;Biography, Drama, History
715;Boys Don't Cry;1999;Biography, Crime, Drama, Romance
716;Waking Life;2001;Animation, Drama, Fantasy
717;Enemy at the Gates;2001;Drama, History, War
718;Star Trek: First Contact;1996;Action, Adventure, Drama, Sci-Fi, Thriller
719;American Graffiti;1973;Comedy, Drama
720;Midnight Run;1988;Action, Comedy, Crime, Thriller
721;Now You See Me;2013;Crime, Mystery, Thriller
722;Perfume: The Story of a Murderer;2006;Crime, Drama, Fantasy
723;To Catch a Thief;1955;Mystery, Romance, Thriller
724;Felon;2008;Thriller
725;Gangs of New York;2002;Crime, Drama
726;The Croods;2013;Animation, Adventure, Comedy, Family, Fantasy
727;Elizabeth;1998;Biography, Drama, History
728;Sweeney Todd: The Demon Barber of Fleet Street;2007;Drama, Horror, Musical, Thriller
729;Total Recall;1990;Action, Sci-Fi, Thriller
730;The Constant Gardener;2005;Drama, Mystery, Romance, Thriller
731;The Aviator;2004;Biography, Drama
732;We Need to Talk About Kevin;2011;Drama, Mystery, Thriller
733;The Texas Chain Saw Massacre;1974;Horror
734;Zero Dark Thirty;2012;Drama, History, Thriller, War
735;Babel;2006;Drama
736;Witness;1985;Crime, Drama, Romance, Thriller
737;Pi;1998;Drama, Horror, Mystery, Sci-Fi, Thriller
738;Reign Over Me;2007;Drama
739;The Wind that Shakes the Barley;2006;Drama, War
740;Source Code;2011;Action, Drama, Mystery, Sci-Fi, Thriller
741;A Nightmare on Elm Street;1984;Horror
742;Jacob's Ladder;1990;Drama, Horror, Mystery
743;The Fisher King;1991;Comedy, Drama, Fantasy
744;Ghost World;2001;Comedy, Drama
745;The Great Debaters;2007;Biography, Drama, Romance
746;The Ice Storm;1997;Drama
747;The Three Burials of Melquiades Estrada;2005;Adventure, Crime, Drama, Mystery, Western
748;El espinazo del diablo;2001;Drama, Horror
749;Mean Streets;1973;Crime, Drama, Thriller
750;The Hours;2002;Drama, Romance
751;Pleasantville;1998;Comedy, Drama, Fantasy
752;The Painted Veil;2006;Drama, Romance
753;Sleepy Hollow;1999;Fantasy, Horror, Mystery
754;Heavenly Creatures;1994;Biography, Crime, Drama, Thriller
755;The Great Gatsby;2013;Drama, Romance
756;Hooligans;2005;Crime, Drama, Sport, War
757;Bullitt;1968;Action, Crime, Thriller
758;Notes on a Scandal;2006;Crime, Drama, Romance, Thriller
759;Take Shelter;2011;Drama, Sci-Fi, Thriller
760;Secondhand Lions;2003;Comedy, Drama, Family
761;Crazy, Stupid, Love.;2011;Comedy, Drama, Romance
762;Sherlock Holmes: A Game of Shadows;2011;Action, Adventure, Mystery
763;I Am Sam;2001;Drama
764;In the Bedroom;2001;Crime, Drama
765;Bambi;1942;Animation, Drama, Family
766;Blue Valentine;2010;Drama, Romance
767;The Natural;1984;Drama, Sport
768;The Simpsons Movie;2007;Animation, Adventure, Comedy
769;Open Range;2003;Action, Drama, Romance, Western
770;Le grand bleu;1988;Adventure, Drama, Sport
771;The Proposition;2005;Crime, Drama, Western
772;Spider-Man 2;2004;Action, Adventure, Sci-Fi
773;Everything Is Illuminated;2005;Comedy, Drama
774;In the Loop;2009;Comedy
775;Fried Green Tomatoes;1991;Drama
776;The Hurricane;1999;Biography, Drama, Sport
777;Raising Arizona;1987;Comedy, Crime
778;Brick;2005;Action, Crime, Drama, Mystery, Thriller
779;The Descendants;2011;Comedy, Drama
780;The Queen;2006;Biography, Drama, History
781;August Rush;2007;Drama, Music
782;Far from Heaven;2002;Drama, Romance
783;Alice in Wonderland;1951;Animation, Adventure, Family, Fantasy, Musical
784;MalËna;2000;Comedy, Drama, Romance, War
785;Capote;2005;Biography, Crime, Drama, History
786;Cube;1997;Drama, Mystery, Sci-Fi, Thriller
787;Poltergeist;1982;Horror, Thriller
788;Rudy;1993;Biography, Drama, Sport
789;Trading Places;1983;Comedy
790;X-Men;2000;Action, Adventure, Sci-Fi
791;The Mission;1986;Adventure, Drama, History
792;Clerks II;2006;Comedy
793;The Squid and the Whale;2005;Comedy, Drama
794;Man on the Moon;1999;Biography, Comedy, Drama
795;Beetle Juice;1988;Comedy, Fantasy
796;Carrie;1976;Horror
797;A Perfect World;1993;Crime, Drama, Thriller
798;2046;2004;Drama, Romance, Sci-Fi
799;Running Scared;2006;Action, Crime, Drama, Thriller
800;Nikita;1990;Action, Thriller
801;The Devil's Advocate;1997;Drama, Mystery, Thriller
802;Dirty Pretty Things;2002;Crime, Drama, Thriller
803;Master and Commander: The Far Side of the World;2003;Action, Adventure, Drama, History, War
804;Dracula;1992;Horror
805;Biutiful;2010;Drama, Romance
806;Say Anything...;1989;Comedy, Drama, Romance
807;Transamerica;2005;Adventure, Comedy, Drama
808;Chaplin;1992;Biography, Comedy, Drama
809;Life as a House;2001;Drama
810;National Lampoon's Christmas Vacation;1989;Comedy
811;Wonder Boys;2000;Comedy, Drama
812;Driving Miss Daisy;1989;Drama
813;The Adventures of Tintin;2011;Animation, Action, Adventure, Family, Mystery
814;Tootsie;1982;Comedy, Drama, Romance
815;The Bucket List;2007;Adventure, Comedy, Drama
816;Suspiria;1977;Horror
817;My Cousin Vinny;1992;Comedy, Crime
818;Corpse Bride;2005;Animation, Drama, Family, Fantasy, Musical, Romance
819;Menace II Society;1993;Crime, Drama, Thriller
820;Mission: Impossible - Ghost Protocol;2011;Action, Adventure, Thriller
821;Bound;1996;Crime, Thriller
822;Lars and the Real Girl;2007;Comedy, Drama, Romance
823;The Life of David Gale;2003;Crime, Drama, Thriller
824;Rescue Dawn;2006;Action, Biography, Drama, Thriller, War
825;La mala educaciÛn;2004;Crime, Drama
826;Lady and the Tramp;1955;Animation, Adventure, Comedy, Drama, Family, Romance
827;Miracle;2004;Biography, Drama, History, Sport
828;Harry Potter and the Half-Blood Prince;2009;Action, Adventure, Family, Fantasy, Mystery
829;Sleepers;1996;Crime, Drama, Thriller
830;Revolutionary Road;2008;Drama, Romance
831;Die unendliche Geschichte;1984;Adventure, Drama, Family, Fantasy
832;The Bridges of Madison County;1995;Drama, Romance
833;Best in Show;2000;Comedy
834;Harry Potter and the Order of the Phoenix;2007;Action, Adventure, Family, Fantasy, Mystery
835;Freedom Writers;2007;Biography, Crime, Drama
836;Wall Street;1987;Crime, Drama
837;Swingers;1996;Comedy, Drama
838;The Boat That Rocked;2009;Comedy, Drama, Music
839;Mr. Brooks;2007;Crime, Drama, Thriller
840;Dumbo;1941;Animation, Adventure, Drama, Family, Musical
841;Hustle & Flow;2005;Crime, Drama, Music
842;Across the Universe;2007;Drama, Fantasy, History, Music, Musical, Romance
843;The Rock;1996;Action, Adventure, Thriller
844;Precious;2009;Drama
845;Grosse Pointe Blank;1997;Action, Comedy, Crime, Romance, Thriller
846;Excalibur;1981;Adventure, Drama, Fantasy, Romance
847;Chi bi;2008;Action, Adventure, Drama, History, War
848;The Cider House Rules;1999;Drama, Romance
849;Layer Cake;2004;Action, Crime, Drama, Thriller
850;King Kong;2005;Action, Adventure, Drama, Romance
851;Chasing Amy;1997;Comedy, Drama, Romance
852;Harry Potter and the Sorcerer's Stone;2001;Adventure, Family, Fantasy
853;Michael Clayton;2007;Crime, Drama, Mystery, Thriller
854;Easy Rider;1969;Adventure, Drama
855;Superman;1978;Action, Adventure, Drama, Sci-Fi
856;A Bridge Too Far;1977;Drama, History, War
857;Labyrinth;1986;Adventure, Family, Fantasy, Musical
858;World War Z;2013;Action, Adventure, Horror, Sci-Fi
859;Limitless;2011;Sci-Fi, Thriller
860;IrrÈversible;2002;Crime, Drama, Mystery, Thriller
861;Fish Tank;2009;Drama
862;An Education;2009;Drama
863;Peter Pan;1953;Animation, Adventure, Family, Fantasy, Musical
864;Sleeping Beauty;1959;Animation, Family, Fantasy, Musical, Romance
865;Rango;2011;Animation, Adventure, Comedy, Family, Western
866;The Next Three Days;2010;Action, Crime, Drama, Romance, Thriller
867;Shallow Grave;1994;Crime, Thriller
868;Rounders;1998;Crime, Drama
869;Terms of Endearment;1983;Comedy, Drama
870;The English Patient;1996;Drama, Romance, War
871;Eraserhead;1977;Fantasy, Horror
872;Invictus;2009;Biography, Drama, History, Sport
873;Spider-Man;2002;Action, Adventure, Sci-Fi
874;National Lampoon's Vacation;1983;Adventure, Comedy
875;Buffalo '66;1998;Comedy, Drama, Romance
876;Angel Heart;1987;Horror, Mystery, Thriller
877;Flight;2012;Drama, Thriller
878;Paris, je t'aime;2006;Comedy, Drama, Romance
879;Borat: Cultural Learnings of America for Make Benefit Glorious Nation of Kazakhstan;2006;Comedy
880;Crazy Heart;2009;Drama, Music, Romance
881;Thelma & Louise;1991;Adventure, Crime, Drama
882;Death at a Funeral;2007;Comedy
883;Mulan;1998;Animation, Adventure, Family, Fantasy, Musical, War
884;Live Free or Die Hard;2007;Action, Thriller
885;The Hudsucker Proxy;1994;Comedy, Drama, Fantasy
886;Much Ado About Nothing;1993;Comedy, Drama, Romance
887;The Animatrix;2003;Animation, Action, Adventure, Sci-Fi
888;The Lincoln Lawyer;2011;Crime, Drama, Mystery, Thriller
889;Back to the Future Part III;1990;Adventure, Comedy, Sci-Fi, Western
890;Beverly Hills Cop;1984;Action, Comedy, Crime, Thriller
891;Jane Eyre;2011;Drama, Romance
892;Closer;2004;Drama, Romance
893;Dr. No;1962;Action, Adventure, Thriller
894;Kung Fu Panda 2;2011;Animation, Action, Adventure, Comedy, Family, Fantasy
895;Animal Kingdom;2010;Crime, Drama
896;Cape Fear;1991;Crime, Thriller
897;Before the Devil Knows You're Dead;2007;Crime, Drama, Thriller
898;Legends of the Fall;1994;Drama, Romance, War, Western
899;The Talented Mr. Ripley;1999;Crime, Drama, Thriller
900;Matchstick Men;2003;Comedy, Crime, Drama, Thriller
901;Punch-Drunk Love;2002;Comedy, Drama, Romance, Thriller
902;The Ghost Writer;2010;Crime, Drama, Mystery, Thriller
903;Beasts of the Southern Wild;2012;Adventure, Drama, Fantasy
904;Videodrome;1983;Horror, Sci-Fi, Thriller
905;Home Alone;1990;Comedy, Family
906;Planet Terror;2007;Action, Adventure, Comedy, Horror, Thriller
907;Cinderella;1950;Animation, Family, Fantasy, Musical, Romance
908;The Guard;2011;Comedy, Crime, Thriller
909;Ringu;1998;Horror, Mystery
910;The Fountain;2006;Drama, Mystery, Romance, Sci-Fi
911;Shame;2011;Drama
912;Me and You and Everyone We Know;2005;Comedy, Drama
913;My Sister's Keeper;2009;Drama, Family
914;Contact;1997;Drama, Mystery, Sci-Fi, Thriller
915;The Way Back;2010;Adventure, Drama, History
916;Monster;2003;Biography, Crime, Drama, Thriller
917;The Bank Job;2008;Crime, Drama, Thriller
918;Face/Off;1997;Action, Crime, Sci-Fi, Thriller
919;Law Abiding Citizen;2009;Action, Crime, Drama, Thriller
920;The Road;2009;Drama
921;Dogma;1999;Adventure, Comedy, Drama, Fantasy
922;Wristcutters: A Love Story;2006;Comedy, Drama, Fantasy, Romance
923;Pirates of the Caribbean: Dead Man's Chest;2006;Action, Adventure, Fantasy
924;Frailty;2001;Crime, Drama, Thriller
925;The Adventures of Priscilla, Queen of the Desert;1994;Comedy, Music
926;Election;1999;Comedy, Drama, Romance
927;The Crying Game;1992;Crime, Drama, Romance, Thriller
928;Seabiscuit;2003;Drama, History, Sport
929;Cars;2006;Animation, Comedy, Family, Sport
930;Half Nelson;2006;Drama
931;Megamind;2010;Animation, Action, Comedy, Family, Sci-Fi
932;Shrek 2;2004;Animation, Adventure, Comedy, Family, Fantasy, Romance
933;Heathers;1989;Comedy, Crime
934;Winter's Bone;2010;Drama, Mystery
935;Gosford Park;2001;Comedy, Drama, Mystery
936;The Descent;2005;Adventure, Horror, Thriller
937;The Dead Zone;1983;Drama, Horror, Sci-Fi, Thriller
938;Fast Five;2011;Action, Adventure, Crime, Thriller
939;Sunshine;2007;Sci-Fi, Thriller
940;Deconstructing Harry;1997;Comedy
941;The People vs. Larry Flynt;1996;Biography, Drama
942;CachÈ;2005;Drama, Mystery, Thriller
943;RocknRolla;2008;Action, Crime, Thriller
944;‘dishon;1999;Drama, Horror, Mystery
945;Lawless;2012;Crime, Drama
946;Frida;2002;Biography, Drama, Romance
947;Cashback;2006;Comedy, Drama, Romance
948;La science des rÍves;2006;Comedy, Drama, Fantasy, Romance
949;Chocolat;2000;Drama, Romance
950;Four Lions;2010;Comedy, Crime, Drama
951;Quills;2000;Biography, Drama
952;The Mist;2007;Horror, Sci-Fi, Thriller
953;Mongol;2007;Action, Biography, Drama, History, War
954;The Emperor's New Groove;2000;Animation, Adventure, Comedy, Family, Fantasy
955;Caddyshack;1980;Comedy, Sport
956;Identity;2003;Mystery, Thriller
957;Forgetting Sarah Marshall;2008;Comedy, Drama, Romance
958;Synecdoche, New York;2008;Drama
959;Submarine;2010;Comedy, Drama, Romance
960;Harry Brown;2009;Action, Crime, Drama, Thriller
961;Janghwa, Hongryeon;2003;Drama, Horror, Mystery, Thriller
962;Jerry Maguire;1996;Comedy, Drama, Romance, Sport
963;Harry Potter and the Chamber of Secrets;2002;Adventure, Family, Fantasy, Mystery
964;From Dusk Till Dawn;1996;Action, Crime, Horror
965;Ronin;1998;Action, Crime, Thriller
966;Frequency;2000;Crime, Drama, Mystery, Sci-Fi, Thriller
967;In the Valley of Elah;2007;Crime, Drama, Mystery
968;Big;1988;Comedy, Drama, Fantasy, Romance
969;K-PAX;2001;Drama, Mystery, Sci-Fi
970;Arizona Dream;1993;Comedy, Drama, Fantasy, Romance
971;Black Dynamite;2009;Action, Comedy
972;Unbreakable;2000;Drama, Mystery, Sci-Fi, Thriller
973;Eyes Wide Shut;1999;Drama, Mystery, Thriller
974;Siu Lam juk kau;2001;Action, Comedy, Family, Fantasy, Sport
975;Seven Psychopaths;2012;Comedy, Crime
976;Thirteen Days;2000;Drama, History, Thriller
977;The Hitcher;1986;Action, Thriller
978;Star Trek IV: The Voyage Home;1986;Action, Adventure, Comedy, Sci-Fi
979;A Time to Kill;1996;Crime, Drama, Thriller
980;The Muppets;2011;Adventure, Comedy, Family, Musical
981;Dumb and Dumber;1994;Comedy
982;Manhunter;1986;Crime, Horror, Mystery, Thriller
983;Win Win;2011;Comedy, Drama, Sport
984;True Lies;1994;Action, Comedy, Thriller
985;Elephant;2003;Crime, Drama, Thriller
986;The Terminal;2004;Comedy, Drama, Romance
987;Enemy of the State;1998;Action, Thriller
988;In the Line of Fire;1993;Action, Crime, Drama, Thriller
989;The Negotiator;1998;Action, Crime, Drama, Mystery, Thriller
990;Narc;2002;Crime, Drama, Mystery, Thriller
991;The Ides of March;2011;Drama, Thriller
992;One Hundred and One Dalmatians;1961;Animation, Adventure, Comedy, Family
993;Broken Flowers;2005;Comedy, Drama, Mystery, Romance
994;Men in Black;1997;Action, Adventure, Comedy, Sci-Fi
995;Gremlins;1984;Comedy, Fantasy, Horror
996;The 40 Year Old Virgin;2005;Comedy, Romance
997;A Bug's Life;1998;Animation, Adventure, Comedy, Family
998;Hodejegerne;2011;Action, Crime, Thriller
999;From Russia with Love;1963;Action, Adventure, Thriller
1000;La pianiste;2001;Drama
